Site.Code,GS.Type,Max.Height.cwm,Growth.rate.cwm,Shade.tol.cwm,Drought.tol.cwm,Tree.shape.cwm,Flowering.cwm,Fruiting.cwm,Fall.col.cwm,Leaf.shape.cwm,Bark.cwm,,,,,,,,,,,,,,,
B10,Park,13.09090909,1.272727273,1.727272727,4.181818182,0.272727273,1,1,0.727272727,5,3,,,,,,,,,,,,,,,
B11,Park,15.51136364,0.25,3.568181818,3.227272727,1.386363636,0.795454545,0.977272727,0.977272727,4.318181818,2.568181818,,,,,,,,,,,,,,,
B13,Park,11.5,1,2,5,0,1,1,0,3,2,,,,,,,,,,,,,,,
B14,Park,13.66666667,1,2,3,0,0,0.333333333,0,1.666666667,2.666666667,,,,,,,,,,,,,,,
B16,Park,13.5,2,3,3,0,1,1,0,1,2,,,,,,,,,,,,,,,
B18,Park,18.375,1.75,3,3.25,0.25,1,0.75,0.25,2.5,2.25,,,,,,,,,,,,,,,
B19,Park,14,0.5,4.166666667,2.333333333,1.333333333,0.833333333,0.833333333,0.666666667,4,2.5,,,,,,,,,,,,,,,
B2,Park,11.4,1.333333333,3,3.333333333,1.333333333,0.666666667,0.666666667,0,1.666666667,2.333333333,,,,,,,,,,,,,,,
B20,Park,15.75,0.5,4.75,2.25,0.75,1,1,0.75,4,2.75,,,,,,,,,,,,,,,
B21,Park,12.33333333,0.666666667,3.333333333,3,0.666666667,0.666666667,0.666666667,0.666666667,4,3,,,,,,,,,,,,,,,
B23,Park,13.76666667,1.333333333,4,3.333333333,1,1,1,0,1.333333333,1.666666667,,,,,,,,,,,,,,,
B24,Park,15.75,1.5,3,4,0,1,1,0.5,3,2.5,,,,,,,,,,,,,,,
B25,Park,15.3,1.4,4.2,3,0.6,0.8,1,0.4,2.8,2.4,,,,,,,,,,,,,,,
B27,Park,19.25,1.5,3.5,3.5,0,1,1,0,2,2.5,,,,,,,,,,,,,,,
B28,Park,14.6,0.333333333,2.666666667,3.333333333,1,1,1,1,5,3,,,,,,,,,,,,,,,
B29,Park,17.1,1.666666667,2.666666667,3,0.333333333,1,1,0.666666667,2.666666667,2.666666667,,,,,,,,,,,,,,,
B3,Park,15.16666667,1.166666667,4.166666667,3.333333333,0.5,1,0.833333333,0.5,3.5,2.666666667,,,,,,,,,,,,,,,
B31,Park,14.05,1,2,4.833333333,0.166666667,1,1,1,5,3,,,,,,,,,,,,,,,
B33,Park,18,2,4,3,0,1,1,0,1,2,,,,,,,,,,,,,,,
B34,Park,9.566666667,1.666666667,2.083333333,4.083333333,2,1,0.25,0.333333333,3.333333333,1.5,,,,,,,,,,,,,,,
B35,Park,18,2,4,3,0,1,1,0,1,2,,,,,,,,,,,,,,,
B36,Park,15.75,1.5,3,4,0,1,1,0.5,3,2.5,,,,,,,,,,,,,,,
B37,Park,12.2,1,4,4,4,1,1,0,2,2,,,,,,,,,,,,,,,
B38,Park,16.62,1,2.3,3.9,1,1,1,1,5,3,,,,,,,,,,,,,,,
B39,Park,19.5,1,5,3,1,0,1,0,2,2,,,,,,,,,,,,,,,
B40,Park,23.75,1.5,2.5,2.5,0,0.5,1,0,2,2,,,,,,,,,,,,,,,
B41,Park,17.5,1,2,4,3,0,1,1,2,1,,,,,,,,,,,,,,,
B42,Park,16.05,1,2.1,4.4,0.5,1,1,0.9,4.6,2.9,,,,,,,,,,,,,,,
B43,Park,16.8,1,2,4,1,1,1,1,5,3,,,,,,,,,,,,,,,
B45,Park,13.05,0.75,3.5,2.75,0.25,0.5,0.5,0.5,3,2,,,,,,,,,,,,,,,
B46,Park,18.75,1.5,2.5,3.5,0.5,1,1,0,1,2,,,,,,,,,,,,,,,
B47,Park,19.5,2,2,3,0,1,1,0,3,2,,,,,,,,,,,,,,,
B49,Park,22.5,1,3,4,0,1,1,0,1,2,,,,,,,,,,,,,,,
B5,Park,16.2,1,2.75,3.75,0.5,0.75,0.75,0.5,3.75,2.5,,,,,,,,,,,,,,,
B50,Park,22,1,2,3,1,1,1,0,5,3,,,,,,,,,,,,,,,
B51,Park,19,1.75,3.5,3,0.25,1,1,0,2,2.25,,,,,,,,,,,,,,,
B53,Park,16.96,1,2,3.2,0.2,1,0.2,0.6,3.4,2.2,,,,,,,,,,,,,,,
B54,Park,14.5,1,2.5,3.5,0,0.5,0.5,0,2.5,3,,,,,,,,,,,,,,,
B55,Park,17.5,1,2,4,3,0,1,1,2,1,,,,,,,,,,,,,,,
B56,Park,18,2,3,4,0,1,1,0,2,2,,,,,,,,,,,,,,,
B57,Park,21,1,4,3,0,0,1,0,2,2,,,,,,,,,,,,,,,
B58,Park,26.5,2,1,2,0,1,1,0,2,2,,,,,,,,,,,,,,,
B60,Park,15,0,4,3,1,1,1,1,5,3,,,,,,,,,,,,,,,
B61,Park,16.45,1.333333333,2.333333333,3.833333333,0.666666667,1,1,0.666666667,3.833333333,2.666666667,,,,,,,,,,,,,,,
B62,Park,15,2,2,5,0,1,0,0,3,3,,,,,,,,,,,,,,,
B63,Park,16.8,1,2,4,1,1,1,1,5,3,,,,,,,,,,,,,,,
B64,Park,19,1.333333333,3.666666667,3.333333333,0.666666667,1,0.666666667,0.666666667,3.666666667,2.333333333,,,,,,,,,,,,,,,
B67,Park,21,1,4,3,0,0,1,0,2,2,,,,,,,,,,,,,,,
B69,Park,15,1.333333333,3,4,0.333333333,1,0.333333333,0.333333333,3.666666667,3,,,,,,,,,,,,,,,
B7,Park,17.6,1,2,3.846153846,1,1,1,0.846153846,5,3,,,,,,,,,,,,,,,
B70,Park,9.055555556,1.222222222,3.333333333,2.555555556,1.333333333,0.222222222,0.666666667,0,1.777777778,1.888888889,,,,,,,,,,,,,,,
B71,Park,13.5,0.230769231,3.538461538,3,0.769230769,0.769230769,0.769230769,0.769230769,4.307692308,3,,,,,,,,,,,,,,,
B72,Park,15,0.571428571,3.571428571,2.857142857,0.714285714,1,1,0.714285714,3.857142857,2.714285714,,,,,,,,,,,,,,,
B73,Park,18,2,4,3,0,1,1,0,1,2,,,,,,,,,,,,,,,
B78,Park,17.54,1,2.6,3.8,0.8,1,1,0.8,4.2,2.8,,,,,,,,,,,,,,,
B79,Park,17.54,1,2.6,3.8,0.8,1,1,0.8,4.2,2.8,,,,,,,,,,,,,,,
B8,Park,13.5,2,3,3,0,1,1,0,1,2,,,,,,,,,,,,,,,
B80,Park,15.36,0.2,3.6,3.2,1,1,1,1,5,3,,,,,,,,,,,,,,,
B81,Park,12,2,1,5,0,0,1,0,3,2,,,,,,,,,,,,,,,
B82,Park,15.21176471,0.117647059,4.058823529,2.823529412,1,1,1,1,5,3,,,,,,,,,,,,,,,
B83,Park,7.8,1.4,4,2.8,1.8,0.4,1,0,2.4,1.8,,,,,,,,,,,,,,,
B87,Park,15.55714286,0.857142857,3,3.571428571,0.857142857,0.857142857,0.857142857,0.857142857,4.571428571,3,,,,,,,,,,,,,,,
B90,Park,16.16,0.6,3,3.8,0.6,1,1,0.8,4.6,3,,,,,,,,,,,,,,,
B91,Park,18,2,4,3,0,1,1,0,1,2,,,,,,,,,,,,,,,
C1,Park,15,2,2,5,0,0,0,0,2,3,,,,,,,,,,,,,,,
C10,Park,20.1,1.2,4.2,3,0.2,0.2,1,0,1.8,2,,,,,,,,,,,,,,,
C11,Park,13.5,1.8,3,3,0.2,0.2,0.4,0,1.8,2.6,,,,,,,,,,,,,,,
C12,Park,14.0625,1.625,3.25,3,0,0.625,1,0.375,1.375,1.625,,,,,,,,,,,,,,,
C13,Park,10.5,1,2.75,3,0.25,0,1,0.75,2,1.25,,,,,,,,,,,,,,,
C14,Park,18,2,4,3,0,1,1,0,1,2,,,,,,,,,,,,,,,
C15,Park,15,2,2,5,0,0,0,0,2,3,,,,,,,,,,,,,,,
C16,Park,9.954545455,1.181818182,3.454545455,3.454545455,0.181818182,0.454545455,1,0.363636364,2.181818182,1.818181818,,,,,,,,,,,,,,,
C17,Park,16.6,1.4,3.9,3.5,0.1,0.5,1,0,2.4,2.2,,,,,,,,,,,,,,,
C18,Park,8.25,1.166666667,2.333333333,3.166666667,0,0.166666667,1,0.833333333,2.166666667,1.333333333,,,,,,,,,,,,,,,
C2,Park,8.25,1,3.5,3,0.25,0.75,1,0,1.25,2.75,,,,,,,,,,,,,,,
C20,Park,18.3,1.4,3,3.4,0,1,0.6,0.4,2.6,2,,,,,,,,,,,,,,,
C21,Park,14.25,2,2.5,4,0,0.5,0.5,0,1.5,2.5,,,,,,,,,,,,,,,
C22,Park,4.3,1.5,2.5,3.5,3,0.5,1,0.5,2,2,,,,,,,,,,,,,,,
C23,Park,15.85625,1.25,3.6875,3.1875,0.6875,0.25,0.9375,0.1875,2.3125,2.3125,,,,,,,,,,,,,,,
C3,Park,18.5,1.666666667,3,4,0,1,1,0,2.333333333,2,,,,,,,,,,,,,,,
C4,Park,20.5,1,5,3,0,1,1,0,1,2,,,,,,,,,,,,,,,
C5,Park,16.5,1.5,4,3.5,0,0.5,1,0,2.5,2.5,,,,,,,,,,,,,,,
C6,Park,11.25,1.5,3.5,3,0,1,1,0,1,2.5,,,,,,,,,,,,,,,
C7,Park,20.6,2,3,3,0,1,1,0,2,2,,,,,,,,,,,,,,,
C8,Park,17.375,1,3.25,3,0,0.25,0.5,0.25,2.25,1.75,,,,,,,,,,,,,,,
C9,Park,10.44444444,1.555555556,4,3.777777778,0,1,1,0,2.111111111,2.333333333,,,,,,,,,,,,,,,
CC2,Inst,9.625,1.5,3.25,3,1.5,0.5,1,0,1.5,1.5,,,,,,,,,,,,,,,
CC3,Inst,13.5,2,3,3,0,1,1,0,1,2,,,,,,,,,,,,,,,
CC4,Inst,14.25,2,2.5,4,0,1,0.5,0,2,2.5,,,,,,,,,,,,,,,
CC5,Inst,13.4125,0.375,3.625,3,0.75,0.75,0.75,0.75,4.25,2.625,,,,,,,,,,,,,,,
CC6,Inst,12.98,1.4,3,3.4,0.6,0.6,0.8,0,2.2,2,,,,,,,,,,,,,,,
CC7,Inst,17,1.5,3,3.5,0,1,1,0,2,2.5,,,,,,,,,,,,,,,
CC8,Inst,16.25,0.333333333,4.166666667,3,0.833333333,1,1,0.833333333,4.333333333,2.833333333,,,,,,,,,,,,,,,
CO1,Park,14.70930233,0.581395349,3.627906977,3.255813953,0.697674419,0.953488372,0.813953488,0.697674419,4.23255814,2.860465116,,,,,,,,,,,,,,,
CO2,Park,14.07142857,0.857142857,3.5,3.142857143,0.5,0.857142857,0.642857143,0.5,3.5,2.642857143,,,,,,,,,,,,,,,
CP1,Inst,18,2,4,3,0,0,1,0,2,2,,,,,,,,,,,,,,,
CP2,Inst,16.9,1.333333333,2.333333333,3.666666667,0.333333333,1,0.666666667,0.666666667,3,2.333333333,,,,,,,,,,,,,,,
CSC1,Inst,16.125,0.375,4.125,3,1,0.75,1,0.75,3.875,2.625,,,,,,,,,,,,,,,
CSC2,Inst,7.5,0,2,5,0,0,1,1,3,3,,,,,,,,,,,,,,,
CSC3,Inst,16,0.6,2.8,3.2,0.2,0.8,0.6,0.6,3,2.4,,,,,,,,,,,,,,,
CSC4,Inst,15,2,2,5,0,1,0,0,3,3,,,,,,,,,,,,,,,
CSC5,Inst,17.25,1.5,3,4,0,1,1,0,1.5,2.5,,,,,,,,,,,,,,,
CSC7,Inst,6.5,0,3,3,4,0,0,0,2,1,,,,,,,,,,,,,,,
CSC8,Inst,8,0.5,2,4,0,0,0.5,0.5,2.5,3,,,,,,,,,,,,,,,
CSC9,Inst,16.83333333,1.666666667,4,3,0,0.666666667,0.666666667,0,1.333333333,2.333333333,,,,,,,,,,,,,,,
G5,Inst,16,1.666666667,4,3.666666667,0.333333333,0.666666667,1,0,2.666666667,2.333333333,,,,,,,,,,,,,,,
H1,Park,9.4625,0.25,3.25,3.125,1.5,0.875,0.875,0.75,4.125,2.875,,,,,,,,,,,,,,,
H2,Park,14.46,1.4,2.6,3.4,0,0.2,0.4,0,2.2,2.4,,,,,,,,,,,,,,,
H3,Park,13.33,1.2,3,3.8,0.6,1,0.7,0.2,2.7,2.4,,,,,,,,,,,,,,,
H4,Park,10.47142857,1,2.285714286,3.285714286,0.571428571,0.428571429,0.142857143,0.142857143,2.428571429,2.428571429,,,,,,,,,,,,,,,
H5,Park,16.4,0.8,3.6,3.2,0.6,1,1,0.6,3.8,2.6,,,,,,,,,,,,,,,
H6,Park,15.2875,1,3.125,3.25,0.625,0.5,0.75,0.25,2.75,2.25,,,,,,,,,,,,,,,
H7,Park,18,1.333333333,2.333333333,3.333333333,0.666666667,1,0.666666667,0,1.333333333,2,,,,,,,,,,,,,,,
IG1,Inst,13.1875,2,3.375,3.5,0.375,0.875,1,0.125,1.75,2.25,,,,,,,,,,,,,,,
IG2,Inst,17.44,1.2,3.8,3.2,1,0.6,1,0.2,1.8,2,,,,,,,,,,,,,,,
IG3,Inst,15.5,0.5,2.5,3.5,2,0.5,1,1,3.5,2,,,,,,,,,,,,,,,
IG4,Inst,21,2,3,4,0,1,1,0,2,3,,,,,,,,,,,,,,,
IG5,Inst,12.91666667,0.833333333,3.333333333,3,1.166666667,0.833333333,0.833333333,0.5,3.166666667,2.333333333,,,,,,,,,,,,,,,
IG7,Inst,12,1.666666667,3,3,1,0.666666667,0.666666667,0,1.666666667,1.666666667,,,,,,,,,,,,,,,
J1,Inst,13.5,2,3,3,0,1,1,0,1,2,,,,,,,,,,,,,,,
J10,Inst,13.5,2,3,3,0,1,1,0,1,2,,,,,,,,,,,,,,,
J11,Inst,13.875,2,3,3.25,0,1,0.75,0,1.25,2,,,,,,,,,,,,,,,
J12,Inst,15,2,3,4,0,1,0,0,2,2,,,,,,,,,,,,,,,
J14,Inst,15,2,2,5,0,1,0,0,3,3,,,,,,,,,,,,,,,
J17,Inst,16.8,2,3,3.8,0,1,0.8,0,2,2.4,,,,,,,,,,,,,,,
J19,Inst,13.5,1.25,2.75,3.5,0,0.75,0.5,0,1.5,2.75,,,,,,,,,,,,,,,
J2,Inst,11,0.75,3,3,1.25,0.75,1,0.5,3.25,2.25,,,,,,,,,,,,,,,
J20,Inst,15.25,2,2.833333333,4,0,1,0.333333333,0,2,2.166666667,,,,,,,,,,,,,,,
J3,Inst,10.5,1.6,3,3.4,0,1,0.6,0,1.4,2.4,,,,,,,,,,,,,,,
J6,Inst,15,2,3,4,0,1,0,0,2,2,,,,,,,,,,,,,,,
J7,Inst,14.5,2,3.666666667,3.333333333,0,1,1,0,1.666666667,2.333333333,,,,,,,,,,,,,,,
KP1,Inst,12.75,2,3.5,3.5,0,1,1,0,2,2.5,,,,,,,,,,,,,,,
KP10,Inst,15,0,4,3,1,1,1,1,5,3,,,,,,,,,,,,,,,
KP2,Inst,18,2,4,3,0,1,1,0,1,2,,,,,,,,,,,,,,,
KP4,Inst,12,2,4,4,0,1,1,0,3,3,,,,,,,,,,,,,,,
KP5,Inst,15,2,2,5,0,1,0,0,3,3,,,,,,,,,,,,,,,
KP6,Inst,12.75,2,3.75,4,0,1,0.75,0,2.75,2.75,,,,,,,,,,,,,,,
KP7,Inst,14.5275,0.15,3.875,2.975,1.05,0.925,0.975,0.925,4.675,2.875,,,,,,,,,,,,,,,
KP8,Inst,15.66666667,0.444444444,4,3,0.777777778,1,1,0.777777778,4.111111111,2.777777778,,,,,,,,,,,,,,,
KP9,Inst,14.07272727,1.909090909,3.454545455,3.454545455,0.363636364,0.909090909,0.909090909,0,2.545454545,2.545454545,,,,,,,,,,,,,,,
KS1,Inst,15,0,4,3,1,1,1,1,5,3,,,,,,,,,,,,,,,
KS2,Inst,10.5,0.8,2.8,3.2,1,0.6,0.6,0.6,3.4,2.2,,,,,,,,,,,,,,,
LH10,Inst,10.85,0.75,1.25,4.75,1.5,1,0.75,1,5,3,,,,,,,,,,,,,,,
LH12,Inst,15.75,2,3.5,3,0,1,1,0,1,2,,,,,,,,,,,,,,,
LH2,Inst,4.214285714,1,2.857142857,3,2.571428571,0,0.857142857,0,2,1.285714286,,,,,,,,,,,,,,,
LH3,Inst,11.95714286,1.428571429,2.285714286,3.714285714,0.714285714,1,0.857142857,0.428571429,2.714285714,2.428571429,,,,,,,,,,,,,,,
LH4,Inst,19.5,1.5,4,3,0,0.5,1,0,1.5,2,,,,,,,,,,,,,,,
LH7,Inst,16.6,1,3,4,1,0.5,1,0.5,3.5,2.5,,,,,,,,,,,,,,,
LH8,Inst,18.34,1.2,3,3.8,0.4,0.8,1,0.2,2,2.2,,,,,,,,,,,,,,,
LO1,Park,16.5,2,3,4,0,1,1,0,3,2,,,,,,,,,,,,,,,
LO10,Park,13.9,1.5,3,3.25,0.25,0.5,0.5,0,2,2,,,,,,,,,,,,,,,
LO100,Park,20.5,1,5,3,0,1,1,0,1,2,,,,,,,,,,,,,,,
LO102,Park,10.75,1.333333333,3.5,2.444444444,1.611111111,0.444444444,1,0.055555556,2.222222222,1.833333333,,,,,,,,,,,,,,,
LO103,Park,15,2,2,3,1,1,1,0,1,2,,,,,,,,,,,,,,,
LO104,Park,8.3,2,3,3,0,0,0,0,2,2,,,,,,,,,,,,,,,
LO105,Park,15,2,2,3,1,1,1,0,1,2,,,,,,,,,,,,,,,
LO108,Park,21.5,1,4,3.5,0,1,1,0,1,2,,,,,,,,,,,,,,,
LO109,Park,19,1,2,3,0,1,0,1,3,2,,,,,,,,,,,,,,,
LO11,Park,16.25,1.5,2,3,0.5,1,1,0,4,3,,,,,,,,,,,,,,,
LO111,Park,12.2,1,4,4,4,1,1,0,2,2,,,,,,,,,,,,,,,
LO112,Park,10.36666667,1.666666667,2.333333333,3.666666667,0,0.333333333,0,0,2.333333333,2.333333333,,,,,,,,,,,,,,,
LO115,Park,15.75,1,3,2.5,1,1,1,0.5,5,3,,,,,,,,,,,,,,,
LO116,Park,13.36666667,1.666666667,2.333333333,3,0.333333333,0.666666667,0.666666667,0,3.333333333,2.333333333,,,,,,,,,,,,,,,
LO119,Park,7.875,1.25,2.625,3.875,2,0.25,0.875,0,2.125,1.375,,,,,,,,,,,,,,,
LO12,Park,16.33333333,1.666666667,2.333333333,3.333333333,0.333333333,1,1,0,3.666666667,2.666666667,,,,,,,,,,,,,,,
LO123,Park,19,0.666666667,2.666666667,3.666666667,0,1,0.333333333,0,1,2,,,,,,,,,,,,,,,
LO125,Park,13.5,2,3,3,0,1,1,0,1,2,,,,,,,,,,,,,,,
LO126,Park,15,0,5,2,1,1,1,1,5,3,,,,,,,,,,,,,,,
LO128,Park,17.25,1.5,3.5,3,1,0.5,1,0,1.5,2,,,,,,,,,,,,,,,
LO13,Park,11.3,2,3,3.5,0,0.5,0,0,2,1.5,,,,,,,,,,,,,,,
LO130,Park,14.25,2,2.5,3,0.5,1,1,0,1,2,,,,,,,,,,,,,,,
LO131,Park,15.75,1,4,3,0.5,1,1,0.5,4,2.5,,,,,,,,,,,,,,,
LO132,Park,14.475,1.5,4,3,0.75,0.75,1,0.25,1.25,1.75,,,,,,,,,,,,,,,
LO133,Park,8.2,1.2,3.8,2.4,2.4,0.2,1,0,2,1.4,,,,,,,,,,,,,,,
LO134,Park,20.5,1,5,3,0,1,1,0,1,2,,,,,,,,,,,,,,,
LO135,Park,18,2,4,3,0,1,1,0,1,2,,,,,,,,,,,,,,,
LO139,Park,16.5,2,3,4,0,1,1,0,3,2,,,,,,,,,,,,,,,
LO14,Park,14,0.666666667,3,4,0.333333333,1,1,1,5,3,,,,,,,,,,,,,,,
LO140,Park,13.5,2,3,3,0,1,1,0,1,2,,,,,,,,,,,,,,,
LO142,Park,15,2,2,4,0.5,0.5,0.5,0,1.5,2.5,,,,,,,,,,,,,,,
LO143,Park,15,2,2,5,0,1,0,0,3,3,,,,,,,,,,,,,,,
LO146,Park,19,1,2,3,0,1,0,1,3,2,,,,,,,,,,,,,,,
LO149,Park,16.5,2,3,4,0,1,1,0,3,2,,,,,,,,,,,,,,,
LO15,Park,16.35,1,4.5,3.5,2,1,1,0,1.5,2,,,,,,,,,,,,,,,
LO152,Park,15.35,0.666666667,2.333333333,3.833333333,0.333333333,1,0.5,0.333333333,2.833333333,2.833333333,,,,,,,,,,,,,,,
LO153,Park,14.725,0.75,4.25,3.5,2.5,0.75,1,0.25,2.75,2.25,,,,,,,,,,,,,,,
LO154,Park,13.5,2,3,3,0,1,1,0,1,2,,,,,,,,,,,,,,,
LO155,Park,18.5,1.666666667,2.666666667,3,0.333333333,0.666666667,1,0,2,2,,,,,,,,,,,,,,,
LO156,Park,13.77777778,0.888888889,3.222222222,3.111111111,0.444444444,0.333333333,0.555555556,0.222222222,2.666666667,2.777777778,,,,,,,,,,,,,,,
LO158,Park,13.5,2,3,3,0,1,1,0,1,2,,,,,,,,,,,,,,,
LO161,Park,15,2,2,4,0.5,1,0.5,0,2,2.5,,,,,,,,,,,,,,,
LO162,Park,14.3,1,3.6,3,0.4,0.8,0.8,0.4,3.6,2.6,,,,,,,,,,,,,,,
LO163,Park,18.75,0.75,2.75,4,0,1,0.75,0,2.75,3,,,,,,,,,,,,,,,
LO167,Park,20.5,2,3,3,0,1,1,0,1,2,,,,,,,,,,,,,,,
LO17,Park,20.5,1,5,3,0,1,1,0,1,2,,,,,,,,,,,,,,,
LO171,Park,18,1.75,3,3,0.25,0.75,1,0,2.25,2,,,,,,,,,,,,,,,
LO18,Park,16.5,2,3,4,0,1,1,0,3,2,,,,,,,,,,,,,,,
LO19,Park,17.275,1.75,2.25,2.75,0.25,0.75,0.75,0,2.75,2.5,,,,,,,,,,,,,,,
LO2,Park,12.4,0.6,4.4,3,0.4,0.8,1,0.4,3.2,2.4,,,,,,,,,,,,,,,
LO22,Park,13.5,2,3,3,0,1,1,0,1,2,,,,,,,,,,,,,,,
LO24,Park,14.5,1.333333333,3,3.666666667,0.333333333,1,0.666666667,0.333333333,3,2.666666667,,,,,,,,,,,,,,,
LO25,Park,13.15,1.75,2.5,4.75,0,0.75,0.25,0,2.75,2.75,,,,,,,,,,,,,,,
LO26,Park,16,1.333333333,3.333333333,2.666666667,0.333333333,1,1,0.666666667,3.333333333,2.666666667,,,,,,,,,,,,,,,
LO28,Park,15,2,2,5,0,1,0,0,3,3,,,,,,,,,,,,,,,
LO29,Park,15.75,1.5,3,4,0,1,0.5,0,1.5,2.5,,,,,,,,,,,,,,,
LO3,Park,20.82,2,2.6,3.2,0,1,1,0,2.6,2,,,,,,,,,,,,,,,
LO30,Park,16,2,3,3.333333333,0,1,1,0,1.333333333,2.333333333,,,,,,,,,,,,,,,
LO32,Park,12.85,2,3,3,0,0.5,0,0,2,1.5,,,,,,,,,,,,,,,
LO33,Park,24.3,2,3,3,0,1,1,0,2,2,,,,,,,,,,,,,,,
LO34,Park,16.5,1.333333333,2,4.666666667,0,1,0,0,2.333333333,2.666666667,,,,,,,,,,,,,,,
LO35,Park,13.5,1,2,5,0,1,1,1,5,3,,,,,,,,,,,,,,,
LO36,Park,18.625,1.5,3.75,3.5,0.5,0.5,0.75,0,2,2.25,,,,,,,,,,,,,,,
LO37,Park,16.5,2,3,4,0,1,1,0,3,2,,,,,,,,,,,,,,,
LO38,Park,17.75,2,2.5,3,0.5,1,1,0,1,2,,,,,,,,,,,,,,,
LO39,Park,16.5,1,3,4,0,1,1,0,1,3,,,,,,,,,,,,,,,
LO4,Park,15.16666667,1.333333333,2.666666667,3,0,0.666666667,0.333333333,0.333333333,2,2.333333333,,,,,,,,,,,,,,,
LO43,Park,13.5,2,3,3,0,1,1,0,1,2,,,,,,,,,,,,,,,
LO44,Park,13.5,0,3,3,1,1,1,1,5,3,,,,,,,,,,,,,,,
LO45,Park,11.53333333,1.333333333,2.666666667,3.333333333,0,0.666666667,0.333333333,0,1.666666667,2,,,,,,,,,,,,,,,
LO48,Park,15,2,3,4,0,1,0,0,2,2,,,,,,,,,,,,,,,
LO49,Park,15.15,1.5,2.5,3.5,0.5,1,1,0.5,3,2.5,,,,,,,,,,,,,,,
LO5,Park,18,2,4,3,0,1,1,0,1,2,,,,,,,,,,,,,,,
LO50,Park,13.5,2,3,3,0,1,1,0,1,2,,,,,,,,,,,,,,,
LO54,Park,15.75,2,2.75,3.5,0,1,0.5,0,2,2,,,,,,,,,,,,,,,
LO56,Park,15,2,2,5,0,1,0,0,3,3,,,,,,,,,,,,,,,
LO58,Park,13.5,2,3,3,0,1,1,0,1,2,,,,,,,,,,,,,,,
LO59,Park,20.16666667,1,2.333333333,3.333333333,0,1,0.333333333,0.666666667,2.333333333,2,,,,,,,,,,,,,,,
LO6,Park,20.4,2,3,3.5,0,1,1,0,2.5,2,,,,,,,,,,,,,,,
LO60,Park,15,2,4,2,0,0,1,0,1,3,,,,,,,,,,,,,,,
LO63,Park,12.92,0.2,3.6,3.2,0.4,0.8,0.6,0.4,3.2,2.8,,,,,,,,,,,,,,,
LO64,Park,16.22222222,1.888888889,3.111111111,3.888888889,0,1,0.222222222,0,1.888888889,2.111111111,,,,,,,,,,,,,,,
LO65,Park,13.73333333,1,3.5,3.166666667,1,0.5,0.833333333,0.5,3,2.5,,,,,,,,,,,,,,,
LO66,Park,16.5,2,3,4,0,1,1,0,3,2,,,,,,,,,,,,,,,
LO67,Park,13.5,2,3,3,0,1,1,0,1,2,,,,,,,,,,,,,,,
LO68,Park,10.28125,0.9375,4.0625,2.5625,1.8125,0.375,0.9375,0.125,2.25,1.6875,,,,,,,,,,,,,,,
LO7,Park,15,2,2,5,0,1,0,0,3,3,,,,,,,,,,,,,,,
LO71,Park,20.5,1,5,3,0,1,1,0,1,2,,,,,,,,,,,,,,,
LO72,Park,19,1,2,3,0,1,0,1,3,2,,,,,,,,,,,,,,,
LO75,Park,15.475,0.75,3,3.25,1.25,0.75,1,0.5,3,2.5,,,,,,,,,,,,,,,
LO76,Park,16.5,2,3,4,0,1,1,0,3,2,,,,,,,,,,,,,,,
LO77,Park,20.96,2,3.2,2.6,0,1,1,0,1.4,2,,,,,,,,,,,,,,,
LO80,Park,11.56666667,1.333333333,2.444444444,3.555555556,0.333333333,0.333333333,0.555555556,0.333333333,3,2.777777778,,,,,,,,,,,,,,,
LO81,Park,16.5,1,3,4,0,1,1,0,1,3,,,,,,,,,,,,,,,
LO83,Park,15,2,2,3,1,1,1,0,1,2,,,,,,,,,,,,,,,
LO84,Park,14.625,0,4.5,2.25,1,1,1,1,5,3,,,,,,,,,,,,,,,
LO85,Park,13.5,2,3,3,0,1,1,0,1,2,,,,,,,,,,,,,,,
LO86,Park,15,2,2,5,0,1,0,0,3,3,,,,,,,,,,,,,,,
LO89,Park,11.25,1,2.75,3,0.25,0,0.25,0,2,2.75,,,,,,,,,,,,,,,
LO90,Park,11.16666667,0.444444444,3.222222222,3,0.444444444,0.444444444,0.444444444,0.444444444,3.333333333,2.888888889,,,,,,,,,,,,,,,
LO91,Park,9.75,1.25,2.75,3.75,0.5,0.25,0.5,0.25,2,1.5,,,,,,,,,,,,,,,
LO92,Park,19,1.4,4.2,3.2,0.2,0.8,1,0,1.4,2.2,,,,,,,,,,,,,,,
LO93,Park,13.5,2,3,3,0,1,1,0,1,2,,,,,,,,,,,,,,,
LO94,Park,14.16666667,1.5,2.833333333,3.166666667,0.333333333,0.833333333,0.833333333,0.166666667,3.5,2.5,,,,,,,,,,,,,,,
LO95,Park,22.5,1,3,4,0,1,1,0,1,2,,,,,,,,,,,,,,,
LO96,Park,19.5,1,5,3,1,0,1,0,2,2,,,,,,,,,,,,,,,
LO97,Park,16.5,2,3,4,0,1,1,0,3,2,,,,,,,,,,,,,,,
LO98,Park,20.5,1,5,3,0,1,1,0,1,2,,,,,,,,,,,,,,,
LO99,Park,15.1,0.75,3.75,3.25,0.5,0.5,1,0.5,3.5,2.5,,,,,,,,,,,,,,,
S1,Row,18.36111111,1.277777778,4.277777778,3.111111111,0.611111111,0.277777778,0.944444444,0,1.944444444,2.111111111,,,,,,,,,,,,,,,
S10,Row,17.07692308,1.538461538,3.846153846,3.384615385,0.384615385,0.692307692,0.692307692,0.076923077,2.076923077,2.076923077,,,,,,,,,,,,,,,
S100,Row,14.43125,1.5,3.1875,3.0625,0.3125,0.875,0.875,0,1.3125,1.9375,,,,,,,,,,,,,,,
S101,Row,19.08333333,1.111111111,4.666666667,2.944444444,0.944444444,0.111111111,1,0.055555556,1.944444444,2.055555556,,,,,,,,,,,,,,,
S102,Row,16.8,1.6,3.3,3.3,0.5,0.8,0.8,0.1,1.6,2.1,,,,,,,,,,,,,,,
S103,Row,16.73,1.2,4.4,3,0.6,0.4,0.9,0.05,1.7,2,,,,,,,,,,,,,,,
S104,Row,17.57272727,1.181818182,3.545454545,3.272727273,0.727272727,0.545454545,0.636363636,0.090909091,1.909090909,2,,,,,,,,,,,,,,,
S105,Row,17.02,1.2,3.96,3,0.68,0.32,0.88,0.04,1.84,2.16,,,,,,,,,,,,,,,
S106,Row,17.75263158,1.789473684,3.736842105,3.105263158,0.157894737,0.842105263,0.894736842,0.052631579,1.263157895,2.052631579,,,,,,,,,,,,,,,
S107,Row,16.92857143,1.857142857,3.285714286,3,0,0.857142857,1,0,1,2,,,,,,,,,,,,,,,
S108,Row,16.92857143,1.928571429,3.785714286,3,0,0.928571429,1,0.071428571,1.071428571,1.928571429,,,,,,,,,,,,,,,
S109,Row,16.65333333,1.466666667,3.4,3.333333333,0.266666667,1,1,0.2,2.466666667,2.333333333,,,,,,,,,,,,,,,
S11,Row,17.3625,1.375,3.1875,3.25,0.1875,0.9375,0.875,0,1.3125,2.125,,,,,,,,,,,,,,,
S12,Row,16.3125,1.875,3.375,3.5,0.125,0.875,1,0,2.125,2,,,,,,,,,,,,,,,
S13,Row,18.14285714,1.785714286,3.428571429,3.071428571,0,0.928571429,0.928571429,0,1.214285714,2,,,,,,,,,,,,,,,
S14,Row,15.725,1.6875,3.6875,2.9375,0,0.75,0.9375,0,1.4375,1.9375,,,,,,,,,,,,,,,
S15,Row,17.19230769,1.692307692,3.538461538,3.076923077,0.153846154,1,0.923076923,0.076923077,1.307692308,2.076923077,,,,,,,,,,,,,,,
S16,Row,15.97692308,1.615384615,3.461538462,3.538461538,0.076923077,0.846153846,0.769230769,0,1.692307692,2.384615385,,,,,,,,,,,,,,,
S17,Row,15.77272727,1.636363636,3.727272727,3.272727273,0.090909091,0.727272727,0.909090909,0.090909091,1.454545455,2.090909091,,,,,,,,,,,,,,,
S18,Row,14.9,1.466666667,3.533333333,3,0.2,0.866666667,0.933333333,0.333333333,2.066666667,2.066666667,,,,,,,,,,,,,,,
S19,Row,13.38461538,1.230769231,3.307692308,2.769230769,0.153846154,0.846153846,0.923076923,0.230769231,2,2.230769231,,,,,,,,,,,,,,,
S2,Row,15.26470588,1.823529412,2.764705882,4.058823529,0.058823529,0.823529412,0.470588235,0.117647059,2.235294118,2.411764706,,,,,,,,,,,,,,,
S20,Row,13.50666667,1.733333333,3.2,3,0,0.866666667,0.933333333,0.066666667,1.2,1.8,,,,,,,,,,,,,,,
S21,Row,14.03846154,0.807692308,2.923076923,3.192307692,0.538461538,0.923076923,0.807692308,0.538461538,3.269230769,2.576923077,,,,,,,,,,,,,,,
S22,Row,10.35714286,0.857142857,3,3,1.285714286,0.428571429,0.714285714,0.571428571,2.857142857,1.714285714,,,,,,,,,,,,,,,
S23,Row,13.96,2,3.1,3.2,0,0.9,0.8,0,1.3,2,,,,,,,,,,,,,,,
S24,Row,15.39473684,1.789473684,3.157894737,3.315789474,0.210526316,0.947368421,0.894736842,0.052631579,1.947368421,2,,,,,,,,,,,,,,,
S25,Row,15.11538462,2,3.153846154,3.307692308,0,1,0.846153846,0,1.307692308,2.153846154,,,,,,,,,,,,,,,
S26,Row,14.01666667,1.888888889,3.055555556,3.055555556,0.222222222,0.888888889,0.944444444,0,1.333333333,1.944444444,,,,,,,,,,,,,,,
S27,Row,13.78571429,1.214285714,2.785714286,3.214285714,0.214285714,0.857142857,0.785714286,0.214285714,1.785714286,2.285714286,,,,,,,,,,,,,,,
S28,Row,15.5,1.733333333,3.133333333,3.6,0.2,0.8,0.733333333,0.133333333,1.666666667,2.066666667,,,,,,,,,,,,,,,
S29,Row,16.8,1.666666667,3.466666667,3.066666667,0.133333333,0.866666667,0.933333333,0.133333333,1.666666667,2.2,,,,,,,,,,,,,,,
S3,Row,15.46666667,1.80952381,3.047619048,3.19047619,0.19047619,1,1,0,1.428571429,2.142857143,,,,,,,,,,,,,,,
S30,Row,14.27894737,1.684210526,2.684210526,3.526315789,0.473684211,0.789473684,0.578947368,0,2.052631579,2.263157895,,,,,,,,,,,,,,,
S31,Row,17.1,1.8,3.75,3.1,0.1,0.95,0.95,0.1,1.5,2.2,,,,,,,,,,,,,,,
S32,Row,17.57142857,1.571428571,3.761904762,3.047619048,0.142857143,0.952380952,0.952380952,0.142857143,1.619047619,2.142857143,,,,,,,,,,,,,,,
S33,Row,14.835,1.8,3.25,3.25,0.1,0.95,0.9,0.05,1.45,2.2,,,,,,,,,,,,,,,
S34,Row,14.7,1.555555556,2.666666667,3.666666667,0.333333333,0.888888889,0.777777778,0.222222222,2.777777778,2.222222222,,,,,,,,,,,,,,,
S35,Row,15.52777778,1.777777778,3.333333333,3.5,0.166666667,0.777777778,0.5,0.055555556,2.055555556,2.166666667,,,,,,,,,,,,,,,
S36,Row,16.28571429,2,3,3.928571429,0,1,0.857142857,0,2.571428571,2.142857143,,,,,,,,,,,,,,,
S37,Row,13.7,1.933333333,2.8,3.4,0,0.933333333,0.8,0.066666667,1.466666667,2.066666667,,,,,,,,,,,,,,,
S38,Row,12.25,1.666666667,2.5,3.5,0,0.666666667,0.5,0.166666667,1.833333333,1.833333333,,,,,,,,,,,,,,,
S39,Row,16.66666667,1.266666667,4,3.333333333,0.533333333,0.333333333,0.733333333,0.133333333,2.066666667,2.133333333,,,,,,,,,,,,,,,
S4,Row,16.5,1.692307692,3.461538462,3.615384615,0.307692308,0.692307692,0.846153846,0,2.230769231,2.153846154,,,,,,,,,,,,,,,
S40,Row,15.69166667,1.666666667,2.916666667,3.166666667,0,0.916666667,0.833333333,0.083333333,1.666666667,2.25,,,,,,,,,,,,,,,
S41,Row,14.25,1.833333333,3.111111111,3.055555556,0.111111111,0.944444444,1,0.111111111,1.388888889,2,,,,,,,,,,,,,,,
S42,Row,17.15625,1.875,3.6875,3.125,0.0625,1,1,0.0625,1.375,2.0625,,,,,,,,,,,,,,,
S43,Row,17.49444444,1.222222222,4.111111111,3.222222222,0.666666667,0.333333333,0.888888889,0,1.833333333,1.944444444,,,,,,,,,,,,,,,
S44,Row,15.45217391,1.347826087,3.391304348,3.130434783,0.347826087,0.739130435,0.913043478,0.130434783,2,2.217391304,,,,,,,,,,,,,,,
S45,Row,17.9375,1.25,4.0625,3.1875,0.5,0.375,0.8125,0,1.6875,2.0625,,,,,,,,,,,,,,,
S46,Row,15.56818182,1.772727273,3.090909091,3.409090909,0.181818182,0.818181818,0.681818182,0,1.5,2.272727273,,,,,,,,,,,,,,,
S47,Row,15.725,1.35,3.95,3,0.75,0.35,0.9,0,1.75,1.9,,,,,,,,,,,,,,,
S48,Row,17.40909091,1.318181818,4.272727273,3.045454545,0.727272727,0.272727273,0.909090909,0.045454545,1.909090909,2.136363636,,,,,,,,,,,,,,,
S49,Row,18.25,1.333333333,4.5,3,0.666666667,0.333333333,1,0,1.666666667,2,,,,,,,,,,,,,,,
S5,Row,16.54761905,1.285714286,4.047619048,3,0.333333333,0.476190476,0.904761905,0,1.523809524,2,,,,,,,,,,,,,,,
S50,Row,15.44444444,1.888888889,3,3.666666667,0,0.888888889,0.888888889,0,2.444444444,2.111111111,,,,,,,,,,,,,,,
S51,Row,15.5,1.571428571,3,3.19047619,0.285714286,0.857142857,0.904761905,0,1.380952381,2.095238095,,,,,,,,,,,,,,,
S52,Row,17.08823529,1.647058824,2.882352941,3.705882353,0.058823529,1,0.823529412,0.117647059,2.411764706,2.117647059,,,,,,,,,,,,,,,
S53,Row,16.24545455,1.363636364,2.818181818,3.636363636,0,1,0.727272727,0,1.727272727,2,,,,,,,,,,,,,,,
S54,Row,15.66428571,1.428571429,3.285714286,3.5,0.214285714,1,0.928571429,0.214285714,2.714285714,2.357142857,,,,,,,,,,,,,,,
S55,Row,14.47222222,1.333333333,3,3.333333333,0.222222222,0.833333333,0.833333333,0.222222222,2.055555556,2.444444444,,,,,,,,,,,,,,,
S56,Row,15.09285714,1.785714286,3.428571429,3.285714286,0,1,1,0,1.785714286,1.928571429,,,,,,,,,,,,,,,
S57,Row,16.02941176,1.941176471,3.352941176,3.117647059,0,0.882352941,0.941176471,0,1.117647059,2.058823529,,,,,,,,,,,,,,,
S58,Row,13.77777778,1.888888889,2.888888889,3.333333333,0,0.888888889,0.666666667,0,1.444444444,2.222222222,,,,,,,,,,,,,,,
S59,Row,16.55,1.666666667,3.166666667,4.166666667,0.416666667,0.666666667,0.666666667,0,2.25,2.333333333,,,,,,,,,,,,,,,
S6,Row,15,2,2,5,0,1,0,0,3,3,,,,,,,,,,,,,,,
S60,Row,16.925,1.5,3.625,3.125,0.375,0.875,0.875,0,1.5,1.875,,,,,,,,,,,,,,,
S61,Row,13.3125,1.625,2.8125,3.625,0.5625,0.6875,0.6875,0.125,2.375,2.1875,,,,,,,,,,,,,,,
S62,Row,15.34615385,1.615384615,3.230769231,3.615384615,0.076923077,0.846153846,0.846153846,0,1.846153846,2.230769231,,,,,,,,,,,,,,,
S63,Row,17.94117647,1.647058824,3.117647059,3.411764706,0.176470588,0.882352941,1,0.058823529,2.294117647,2.294117647,,,,,,,,,,,,,,,
S64,Row,14.68333333,1.666666667,2.916666667,3.25,0.416666667,0.75,0.875,0.125,1.708333333,2.125,,,,,,,,,,,,,,,
S65,Row,13.88235294,1.588235294,2.882352941,3.882352941,0.235294118,0.823529412,0.882352941,0.058823529,2.529411765,2.235294118,,,,,,,,,,,,,,,
S66,Row,14.5,0.777777778,3.666666667,2.888888889,0.333333333,0.888888889,0.777777778,0.111111111,1.777777778,2,,,,,,,,,,,,,,,
S67,Row,12.88,1.8,2.866666667,3.066666667,0.066666667,0.866666667,0.933333333,0.066666667,1.133333333,2.066666667,,,,,,,,,,,,,,,
S68,Row,14.14705882,1.764705882,2.823529412,3.117647059,0.352941176,0.941176471,0.941176471,0.058823529,1.176470588,1.941176471,,,,,,,,,,,,,,,
S69,Row,14.44705882,1.705882353,2.529411765,3.352941176,0.117647059,0.882352941,0.705882353,0,1.529411765,2.294117647,,,,,,,,,,,,,,,
S7,Row,17.31818182,1.545454545,3.727272727,3.545454545,0.272727273,0.545454545,0.454545455,0,2,2,,,,,,,,,,,,,,,
S70,Row,13.59473684,1.736842105,2.789473684,3.105263158,0.052631579,0.842105263,1,0.157894737,1.263157895,1.842105263,,,,,,,,,,,,,,,
S71,Row,14.775,1.1,3.4,3.05,0.45,0.85,0.95,0.3,2.4,2.4,,,,,,,,,,,,,,,
S72,Row,17.96153846,1.461538462,2.846153846,3.384615385,0,0.923076923,0.769230769,0,1.615384615,2.076923077,,,,,,,,,,,,,,,
S73,Row,16.71052632,1.789473684,3.736842105,3,0.052631579,0.894736842,0.947368421,0.105263158,1.315789474,2.052631579,,,,,,,,,,,,,,,
S74,Row,15.21764706,1.588235294,2.764705882,3,0.176470588,0.823529412,0.941176471,0.117647059,1.470588235,2.058823529,,,,,,,,,,,,,,,
S75,Row,16.32352941,1.647058824,3.470588235,3.117647059,0.235294118,1,0.941176471,0.176470588,1.823529412,2.235294118,,,,,,,,,,,,,,,
S76,Row,16.50769231,1.615384615,2.923076923,3.076923077,0.153846154,0.923076923,0.923076923,0.153846154,1.538461538,2,,,,,,,,,,,,,,,
S77,Row,15.2047619,1.80952381,2.80952381,3.428571429,0.19047619,0.952380952,0.857142857,0,1.476190476,2.285714286,,,,,,,,,,,,,,,
S78,Row,14.41333333,1.933333333,3.133333333,3.4,0,1,0.6,0,1.4,2,,,,,,,,,,,,,,,
S79,Row,18.16071429,2,3.035714286,3,0,1,1,0,1,2,,,,,,,,,,,,,,,
S8,Row,15,2,3,4,0,1,0,0,2,2,,,,,,,,,,,,,,,
S80,Row,19.1625,1.875,2.875,3,0.125,1,1,0,1,2,,,,,,,,,,,,,,,
S81,Row,14.78571429,1.857142857,3,2.857142857,0.142857143,1,1,0.285714286,1.285714286,2.142857143,,,,,,,,,,,,,,,
S82,Row,14.73684211,1.947368421,3.157894737,3.315789474,0,1,0.736842105,0,1.315789474,2.105263158,,,,,,,,,,,,,,,
S83,Row,15.66153846,1.384615385,3.307692308,2.923076923,0.153846154,0.923076923,0.923076923,0.230769231,1.769230769,2.230769231,,,,,,,,,,,,,,,
S84,Row,15.168,1.68,3.2,3.16,0.12,0.8,0.88,0.04,1.28,2.04,,,,,,,,,,,,,,,
S85,Row,15.00833333,1.833333333,2.666666667,3.083333333,0,0.916666667,0.916666667,0.083333333,2.083333333,2,,,,,,,,,,,,,,,
S86,Row,15.75,1.833333333,2.75,4.25,0.166666667,0.833333333,0.416666667,0,2.416666667,2.583333333,,,,,,,,,,,,,,,
S87,Row,15,2,2,5,0,1,0,0,3,3,,,,,,,,,,,,,,,
S88,Row,16.375,2,3.625,3,0,0.9375,0.9375,0,1.0625,2.0625,,,,,,,,,,,,,,,
S89,Row,15.95,1.75,3.25,3.5625,0.375,1,1,0.125,2.6875,2.125,,,,,,,,,,,,,,,
S9,Row,18.13636364,1.909090909,3.818181818,3,0.090909091,1,1,0,1,2,,,,,,,,,,,,,,,
S90,Row,16.8,1.9,3.2,3.9,0.1,0.9,1,0,2.9,2,,,,,,,,,,,,,,,
S91,Row,15.375,2,2.333333333,4.75,0,1,0.25,0,2.916666667,2.916666667,,,,,,,,,,,,,,,
S92,Row,17.5,1.933333333,3.8,3,0,1,0.933333333,0,1.133333333,2,,,,,,,,,,,,,,,
S93,Row,15.63636364,1.363636364,2.909090909,3.454545455,0.272727273,0.909090909,0.909090909,0.363636364,3.090909091,2.272727273,,,,,,,,,,,,,,,
S94,Row,14.25,1.722222222,2.611111111,4.222222222,0.055555556,0.833333333,0.444444444,0.111111111,2.666666667,2.388888889,,,,,,,,,,,,,,,
S95,Row,16.65,1.7,3.3,3.9,0.3,0.7,0.6,0,2.3,2.4,,,,,,,,,,,,,,,
S96,Row,15.09375,1.75,2.875,3.6875,0.125,0.875,0.625,0,1.75,2.3125,,,,,,,,,,,,,,,
S97,Row,14.4,2,3,3.3,0,0.9,0.8,0,1.4,2.3,,,,,,,,,,,,,,,
S98,Row,14.66842105,1.473684211,2.736842105,3.263157895,0.368421053,0.947368421,0.894736842,0.105263158,1.578947368,2.210526316,,,,,,,,,,,,,,,
S99,Row,18.20833333,1.166666667,4.5,3.083333333,0.75,0.166666667,0.916666667,0,2,2.083333333,,,,,,,,,,,,,,,
SM1,Inst,14.66666667,1.833333333,2.5,3.166666667,0,0.5,0.5,0,2,1.666666667,,,,,,,,,,,,,,,
SM10,Inst,17.7,1.8,2.8,3.4,0,0.8,0.8,0,2,2.2,,,,,,,,,,,,,,,
SM11,Inst,16.2,2,3.2,3.8,0,1,1,0,2.6,2.5,,,,,,,,,,,,,,,
SM13,Inst,19.5,2,3.5,3.5,0,1,1,0,1.5,2.5,,,,,,,,,,,,,,,
SM15,Inst,10,0.571428571,2.857142857,3,0.857142857,0.428571429,0.571428571,0.428571429,3.285714286,1.857142857,,,,,,,,,,,,,,,
SM16,Inst,18.025,1.75,1.75,2.75,0,0.75,0.75,0,2,1.75,,,,,,,,,,,,,,,
SM18,Inst,12,2,4,4,0,1,1,0,3,3,,,,,,,,,,,,,,,
SM19,Inst,15.9,2,3.4,3.4,0.2,1,1,0,1.8,2.2,,,,,,,,,,,,,,,
SM2,Inst,15,2,2,3,1,1,1,0,1,2,,,,,,,,,,,,,,,
SM20,Inst,14.6,1.333333333,3,3.333333333,0.333333333,1,1,0.333333333,3.333333333,2.666666667,,,,,,,,,,,,,,,
SM4,Inst,12.76666667,1,3.444444444,3.444444444,1.444444444,0.777777778,1,0.222222222,2.111111111,1.888888889,,,,,,,,,,,,,,,
SM5,Inst,18.5,2,3.333333333,3,0,1,1,0,1.666666667,2,,,,,,,,,,,,,,,
SM6,Inst,18,2,4,3,0,1,1,0,1,2,,,,,,,,,,,,,,,
SM8,Inst,15.15,2,3,3.5,0,1,1,0,2.5,2.5,,,,,,,,,,,,,,,
SM9,Inst,16.5,2,3,4,0,1,0.5,0,2,2,,,,,,,,,,,,,,,
SMC1,Inst,12.16666667,1,2,3,0,0.333333333,0.333333333,0.333333333,3,3,,,,,,,,,,,,,,,
SMC10,Inst,14.7,1.6,3.2,3.4,0.2,1,1,0.2,2.4,2.6,,,,,,,,,,,,,,,
SMC11,Inst,10.66666667,0.666666667,2.666666667,3,0.333333333,0.333333333,0.333333333,0.333333333,3,3,,,,,,,,,,,,,,,
SMC2,Inst,10.9,1.6,3,3.4,0,0.6,0.6,0,2.2,2.8,,,,,,,,,,,,,,,
SMC3,Inst,11.48,1.8,3.4,3.4,0.6,0.8,1,0,2,2.2,,,,,,,,,,,,,,,
SMC4,Inst,13.5,0,3,3,1,1,1,1,5,3,,,,,,,,,,,,,,,
SMC5,Inst,8.192307692,1.230769231,3.076923077,3.153846154,1.692307692,0.384615385,0.923076923,0.076923077,2.153846154,1.615384615,,,,,,,,,,,,,,,
SMC7,Inst,16,2,3,3.666666667,0,1,1,0,2,2,,,,,,,,,,,,,,,
SMC8,Inst,15.5,2,3.333333333,3.666666667,0,1,1,0,2,2.666666667,,,,,,,,,,,,,,,
SMC9,Inst,13.5,2,3,3,0,1,1,0,1,2,,,,,,,,,,,,,,,
SP1,Inst,15.13333333,1.333333333,3.666666667,3,1,0,1,0.333333333,2,1.666666667,,,,,,,,,,,,,,,
SP10,Inst,15,2,2,5,0,1,0,0,3,3,,,,,,,,,,,,,,,
SP11,Inst,14.9,1.625,3.375,3.25,0.25,0.875,0.75,0.25,2.625,2.375,,,,,,,,,,,,,,,
SP12,Inst,14.35714286,2,3.285714286,3.285714286,0,1,1,0,1.571428571,2.142857143,,,,,,,,,,,,,,,
SP13,Inst,19.5,2,3.5,3.5,0,1,1,0,1.5,2.5,,,,,,,,,,,,,,,
SP14,Inst,10,0.5,3,3,2.5,0.5,0.5,0.5,3.5,2.5,,,,,,,,,,,,,,,
SP16,Inst,19,2,3.666666667,3.333333333,0,1,1,0,1.333333333,2.333333333,,,,,,,,,,,,,,,
SP2,Inst,8.290909091,1.818181818,3,3.090909091,1.636363636,0.545454545,1,0.454545455,1.545454545,1.454545455,,,,,,,,,,,,,,,
SP3,Inst,18,2,4,3,0,1,1,0,1,2,,,,,,,,,,,,,,,
SP4,Inst,18,2,4,3,0,1,1,0,1,2,,,,,,,,,,,,,,,
SP5,Inst,14.3,1.8,3.2,3,0,0.8,0.8,0,1.2,2.2,,,,,,,,,,,,,,,
SP6,Inst,1.5,1,3,4,3,0,1,0,2,1,,,,,,,,,,,,,,,
SP7,Inst,15.75,2,3.5,3,0,1,1,0,1,2,,,,,,,,,,,,,,,
SP8,Inst,6.123076923,1.923076923,3,3,2.076923077,0.230769231,0.923076923,0.692307692,1.769230769,1.230769231,,,,,,,,,,,,,,,
SP9,Inst,15,2,2.5,2.5,0,1,1,0.5,1.5,2.5,,,,,,,,,,,,,,,
ST1,Inst,7.557142857,1.285714286,3.142857143,2.857142857,1.285714286,0.714285714,0.857142857,0.285714286,2.428571429,2,,,,,,,,,,,,,,,
ST2,Inst,8.45,0.5,3.166666667,3.333333333,1.833333333,0.833333333,0.666666667,0.666666667,4,2.5,,,,,,,,,,,,,,,
ST3,Inst,12.42222222,1.111111111,3,3.333333333,0.888888889,0.777777778,1,0.333333333,2.888888889,2.444444444,,,,,,,,,,,,,,,
ST4,Inst,13.84285714,1.428571429,3.571428571,3.142857143,0.571428571,0.857142857,1,0.285714286,2.714285714,2.571428571,,,,,,,,,,,,,,,
ST5,Inst,9.85,1.5,3,3.166666667,0.5,0.5,1,0.166666667,1.5,1.666666667,,,,,,,,,,,,,,,
ST6,Inst,9.828571429,1.285714286,3.285714286,3.428571429,0.571428571,0.285714286,0.571428571,0.142857143,2.285714286,2,,,,,,,,,,,,,,,
ST7,Inst,13.5,2,3,3,0,1,1,0,1,2,,,,,,,,,,,,,,,
ST9,Inst,11.05,1.5,2.166666667,3.666666667,0.833333333,0.666666667,0.833333333,0.5,2.666666667,2.333333333,,,,,,,,,,,,,,,
STL1,Inst,16,2,4,3.333333333,0,1,1,0,1.666666667,2.333333333,,,,,,,,,,,,,,,
STL10,Inst,16.5,2,3,4,0,1,0.666666667,0,2.333333333,2.333333333,,,,,,,,,,,,,,,
STL11,Inst,15,2,2,5,0,1,0,0,3,3,,,,,,,,,,,,,,,
STL12,Inst,15,2,2,5,0,1,0,0,3,3,,,,,,,,,,,,,,,
STL13,Inst,14.86363636,0.181818182,3.909090909,3,0.909090909,1,1,0.909090909,4.636363636,2.909090909,,,,,,,,,,,,,,,
STL14,Inst,16,2,4,3.333333333,0,1,1,0,1.666666667,2.333333333,,,,,,,,,,,,,,,
STL2,Inst,17.5,1.666666667,3.666666667,3.666666667,0.333333333,0.666666667,0.666666667,0,2,2.333333333,,,,,,,,,,,,,,,
STL4,Inst,15.28125,0.3125,3.8125,3.125,0.8125,0.9375,0.9375,0.8125,4.4375,2.875,,,,,,,,,,,,,,,
STL5,Inst,15,2,3.333333333,3,0,1,1,0,1,2,,,,,,,,,,,,,,,
STL6,Inst,14.66666667,0.444444444,3.777777778,3,0.777777778,1,1,0.777777778,4.111111111,2.777777778,,,,,,,,,,,,,,,
STL7,Inst,13.875,2,2.75,3.5,0,1,0.75,0,1.5,2.25,,,,,,,,,,,,,,,
STL8,Inst,13.83333333,1.666666667,2.666666667,3.666666667,0,0.666666667,0.666666667,0,2.666666667,2.333333333,,,,,,,,,,,,,,,
STL9,Inst,15,2,2,5,0,1,0,0,3,3,,,,,,,,,,,,,,,
T1,Park,18,2,4,3,0,1,1,0,1,2,,,,,,,,,,,,,,,
T10,Park,19.5,1,5,3,1,0,1,0,2,2,,,,,,,,,,,,,,,
T103,Park,14.5,1.666666667,3.333333333,3,0,0.666666667,1,0.333333333,1.333333333,1.666666667,,,,,,,,,,,,,,,
T104,Park,13.5,2,3,3,0,1,1,0,1,2,,,,,,,,,,,,,,,
T107,Park,14.625,2,3.25,3,0,1,1,0,1,2,,,,,,,,,,,,,,,
T110,Park,13.5,2,3,3,0,1,1,0,1,2,,,,,,,,,,,,,,,
T111,Park,16.5,1.5,4,3,0.5,0.5,1,0,1.5,2,,,,,,,,,,,,,,,
T112,Park,19.5,1,5,3,1,0,1,0,2,2,,,,,,,,,,,,,,,
T113,Park,18.5,1.666666667,4.333333333,3,0.333333333,0.666666667,1,0,1.333333333,2,,,,,,,,,,,,,,,
T114,Park,17,1.5,4,3,0,1,1,0,1,2,,,,,,,,,,,,,,,
T115,Park,17.1,1.4,4.2,3,0.6,0.4,1,0,1.6,2,,,,,,,,,,,,,,,
T116,Park,18,2,4,3,0,1,1,0,1,2,,,,,,,,,,,,,,,
T118,Park,13.5,2,3,3,0,1,1,0,1,2,,,,,,,,,,,,,,,
T14,Park,13.5,2,3,3,0,1,1,0,1,2,,,,,,,,,,,,,,,
T16,Park,11.83333333,1.666666667,2.666666667,3,0,0.666666667,0.666666667,0,1.333333333,2.333333333,,,,,,,,,,,,,,,
T18,Park,13.5,2,3,3,0,1,1,0,1,2,,,,,,,,,,,,,,,
T21,Park,19.5,1,5,3,1,0,1,0,2,2,,,,,,,,,,,,,,,
T22,Park,18,2,4,3,0,1,1,0,1,2,,,,,,,,,,,,,,,
T23,Park,18,2,4,3,0,1,1,0,1,2,,,,,,,,,,,,,,,
T24,Park,20.125,1.25,3.25,3.25,0,0.75,0.75,0.25,1.75,2,,,,,,,,,,,,,,,
T26,Park,16.5,2,3.666666667,3,0,1,1,0,1,2,,,,,,,,,,,,,,,
T28,Park,15,2,3.5,2.75,0,0.75,1,0,1,2.25,,,,,,,,,,,,,,,
T3,Park,12.5,1.666666667,2,4.333333333,0,0.666666667,0.333333333,0.333333333,2.666666667,2.333333333,,,,,,,,,,,,,,,
T30,Park,19.5,1,5,3,1,0,1,0,2,2,,,,,,,,,,,,,,,
T31,Park,17,2,4,2.666666667,0,0.666666667,1,0,1,2.333333333,,,,,,,,,,,,,,,
T32,Park,17.25,1.5,3.5,4,0,1,1,0,2,2.5,,,,,,,,,,,,,,,
T33,Park,16.7,2,2.333333333,3,0,1,1,0,1.666666667,2,,,,,,,,,,,,,,,
T34,Park,18,2,4,3,0,1,1,0,1,2,,,,,,,,,,,,,,,
T35,Park,17.5,1.75,3.5,3.25,0,1,1,0,1.5,2.25,,,,,,,,,,,,,,,
T36,Park,15,2,4,2,0,0,1,0,1,3,,,,,,,,,,,,,,,
T38,Park,14.25,2,2.75,2.75,0,1,1,0.25,1.25,2.25,,,,,,,,,,,,,,,
T39,Park,13.5,2,3,3,0,1,1,0,1,2,,,,,,,,,,,,,,,
T4,Park,14.625,2,3.25,3,0,1,1,0,1,2,,,,,,,,,,,,,,,
T40,Park,18,2,4,3,0,1,1,0,1,2,,,,,,,,,,,,,,,
T41,Park,13.5,2,3,3,0,1,1,0,1,2,,,,,,,,,,,,,,,
T42,Park,13.5,2,3,3,0,1,1,0,1,2,,,,,,,,,,,,,,,
T43,Park,16.5,2,3.666666667,3,0,1,1,0,1,2,,,,,,,,,,,,,,,
T44,Park,19.5,1,2,3,0,1,1,1,5,3,,,,,,,,,,,,,,,
T45,Park,15.3,2,3.4,3,0,1,1,0,1,2,,,,,,,,,,,,,,,
T46,Park,13.5,2,3,3,0,1,1,0,1,2,,,,,,,,,,,,,,,
T47,Park,18,2,4,3,0,1,1,0,1,2,,,,,,,,,,,,,,,
T48,Park,13.5,2,3,3,0,1,1,0,1,2,,,,,,,,,,,,,,,
T49,Park,13.5,2,3,3,0,1,1,0,1,2,,,,,,,,,,,,,,,
T5,Park,13.5,2,3,3,0,1,1,0,1,2,,,,,,,,,,,,,,,
T50,Park,17.25,2,3.5,3,0.25,1,1,0,1,2,,,,,,,,,,,,,,,
T51,Park,13.5,2,3,3,0,1,1,0,1,2,,,,,,,,,,,,,,,
T53,Park,18,2,4,3,0,1,1,0,1,2,,,,,,,,,,,,,,,
T54,Park,22.5,1,3,4,0,1,1,0,1,2,,,,,,,,,,,,,,,
T56,Park,18,2,4,3,0,1,1,0,1,2,,,,,,,,,,,,,,,
T57,Park,15.75,2,3.5,3,0,1,1,0,1,2,,,,,,,,,,,,,,,
T59,Park,17,1.5,4,3,0,1,1,0,1,2,,,,,,,,,,,,,,,
T60,Park,10.5,1.5,2.5,3,0,0.5,1,0.5,1.5,1.5,,,,,,,,,,,,,,,
T63,Park,13,1.666666667,3,3,0,0.666666667,1,0.333333333,1.333333333,1.666666667,,,,,,,,,,,,,,,
T64,Park,18,2,4,3,0,1,1,0,1,2,,,,,,,,,,,,,,,
T65,Park,13.5,2,3,3,0,1,1,0,1,2,,,,,,,,,,,,,,,
T66,Park,13.5,2,3,3,0,1,1,0,1,2,,,,,,,,,,,,,,,
T67,Park,19.25,1.5,3.5,3.5,0,1,1,0,2,2.5,,,,,,,,,,,,,,,
T68,Park,18,2,4,3,0,1,1,0,1,2,,,,,,,,,,,,,,,
T69,Park,18,2,4,3,0,1,1,0,1,2,,,,,,,,,,,,,,,
T7,Park,16.125,1.75,3.75,3,0.25,0.75,1,0,1.25,2,,,,,,,,,,,,,,,
T70,Park,17.71428571,1.714285714,3.571428571,2.714285714,0,0.714285714,1,0.142857143,1.714285714,2.571428571,,,,,,,,,,,,,,,
T72,Park,15.75,2,3.5,3,0,1,1,0,1,2,,,,,,,,,,,,,,,
T73,Park,13.5,2,3,3,0,1,1,0,1,2,,,,,,,,,,,,,,,
T74,Park,12,1.666666667,3.333333333,3,0,1,1,0,1,2.333333333,,,,,,,,,,,,,,,
T76,Park,16.875,2,3.75,3,0,1,1,0,1,2,,,,,,,,,,,,,,,
T77,Park,10.125,1.25,2.5,3,0,0.25,1,0.75,1.75,1.25,,,,,,,,,,,,,,,
T78,Park,16.83333333,1.666666667,3.666666667,3,0,0.666666667,1,0,2,2.333333333,,,,,,,,,,,,,,,
T79,Park,18,2,4,3,0,1,1,0,1,2,,,,,,,,,,,,,,,
T81,Park,18.3,2,2,3,0,1,1,0,2,2,,,,,,,,,,,,,,,
T82,Park,13.5,2,3,3,0,1,1,0,1,2,,,,,,,,,,,,,,,
T85,Park,15.75,2,3.5,3,0,1,1,0,1,2,,,,,,,,,,,,,,,
T86,Park,17.35714286,2,3.857142857,3,0,1,1,0,1,2,,,,,,,,,,,,,,,
T87,Park,14.625,2,3.25,3,0,1,1,0,1,2,,,,,,,,,,,,,,,
T88,Park,14,2,2.666666667,3,0.333333333,1,1,0,1,2,,,,,,,,,,,,,,,
T91,Park,16.5,1,4.5,2.5,0.5,1,1,0.5,3,2.5,,,,,,,,,,,,,,,
T92,Park,15.75,2,3.5,3,0,1,1,0,1,2,,,,,,,,,,,,,,,
T94,Park,14.4,2,3.2,3,0,1,1,0,1,2,,,,,,,,,,,,,,,
T95,Park,18.1,2,3.333333333,3,0,1,1,0,1.333333333,2,,,,,,,,,,,,,,,
T97,Park,18,2,4,3,0,1,1,0,1,2,,,,,,,,,,,,,,,
T98,Park,16.125,1.75,3.75,3,0.25,0.75,1,0,1.25,2,,,,,,,,,,,,,,,
T99,Park,12.66666667,1.833333333,2.833333333,3,0,0.833333333,0.833333333,0,1.166666667,2.166666667,,,,,,,,,,,,,,,
W10,Park,16.02857143,1.571428571,3.428571429,3.428571429,1.714285714,1,1,0,1.714285714,2,,,,,,,,,,,,,,,
W11,Park,17,2,3.333333333,3.666666667,0,0.333333333,0.666666667,0,2.333333333,2.333333333,,,,,,,,,,,,,,,
W12,Park,14.03333333,1.333333333,3.666666667,3,1.333333333,0.666666667,1,0.666666667,2.666666667,2,,,,,,,,,,,,,,,
W13,Park,16.2,1.6,4,3.2,0.4,0.8,0.8,0.2,2.2,2.2,,,,,,,,,,,,,,,
W14,Park,19.6,2,3.333333333,3.333333333,0,0.833333333,0.833333333,0,1.833333333,2.166666667,,,,,,,,,,,,,,,
W15,Park,18,2,4,3,0,1,1,0,1,2,,,,,,,,,,,,,,,
W16,Park,13.5,2,3,3,0,1,1,0,1,2,,,,,,,,,,,,,,,
W17,Park,15,2,3.4,3.8,0,1,0.4,0,2,2.2,,,,,,,,,,,,,,,
W18,Park,16.5,1.5,4.25,3,0.5,0.75,1,0.25,2.25,2.25,,,,,,,,,,,,,,,
W19,Park,13.6,1.5,3,4.5,2,1,0.5,0,2.5,2.5,,,,,,,,,,,,,,,
W2,Park,13.125,2,2.75,3.5,0.25,0.75,0.75,0,1.25,2,,,,,,,,,,,,,,,
W20,Park,7.5,1,2,3,0,0,1,1,2,1,,,,,,,,,,,,,,,
W21,Park,14.5,2,2.666666667,2.666666667,0,1,1,0.333333333,1.333333333,2.333333333,,,,,,,,,,,,,,,
W22,Park,13.75,1.375,3.5,3,0.625,0.875,1,0.25,2.125,2.125,,,,,,,,,,,,,,,
W23,Park,19.5,1,5,3,1,0,1,0,2,2,,,,,,,,,,,,,,,
W24,Park,15.41666667,1.666666667,3.5,3.166666667,0.166666667,0.666666667,0.666666667,0,1.5,2.166666667,,,,,,,,,,,,,,,
W25,Park,14.5,2,3,3.666666667,0,1,0.333333333,0,1.666666667,2,,,,,,,,,,,,,,,
W27,Park,18,1.5,4,3,0.75,0.5,1,0,1.5,2,,,,,,,,,,,,,,,
W28,Park,14.2,1.6,3.2,3,0,0.6,0.6,0,1.4,2.4,,,,,,,,,,,,,,,
W29,Park,17.25,1.5,3.5,4,0.5,0.5,0.5,0,2.5,2.5,,,,,,,,,,,,,,,
W3,Park,18,2,4,3,0,1,1,0,1,2,,,,,,,,,,,,,,,
W30,Park,19.5,1,5,3,1,0,1,0,2,2,,,,,,,,,,,,,,,
W31,Park,11.3,2,3,3,1.5,0.5,1,0.5,1.5,1.5,,,,,,,,,,,,,,,
W32,Park,18.6,1.2,4.4,3,1,0.2,1,0,1.8,2,,,,,,,,,,,,,,,
W33,Park,13.83333333,1.666666667,2,2.333333333,0,0.666666667,0.666666667,0.666666667,2,3,,,,,,,,,,,,,,,
W5,Park,9.5,1.5,3,3.5,2,0.5,0,0,2,1.5,,,,,,,,,,,,,,,
W6,Park,17,1.666666667,4,3,0.333333333,0.666666667,1,0,1.333333333,2,,,,,,,,,,,,,,,
W8,Park,19.5,1,5,3,1,0,1,0,2,2,,,,,,,,,,,,,,,
W9,Park,19.5,1,5,3,1,0,1,0,2,2,,,,,,,,,,,,,,,
WI1,Inst,15,2,2,5,0,1,0,0,3,3,,,,,,,,,,,,,,,
WI3,Inst,15,2,2,5,0,1,0,0,3,3,,,,,,,,,,,,,,,
WI8,Inst,10.66666667,1.333333333,2,3.666666667,0,0.333333333,0,0,2.333333333,3,,,,,,,,,,,,,,,
Y1,Private,13.80434783,0.347826087,3.782608696,3,1.043478261,0.913043478,1,0.782608696,4.217391304,2.695652174,,,,,,,,,,,,,,,
Y10,Private,9.95,1.75,2.75,3.25,0.75,0.25,0.5,0,2,2.25,,,,,,,,,,,,,,,
Y11,Private,15.21,0.8,3.5,2.6,0.9,0.7,0.9,0.7,3.3,2.5,,,,,,,,,,,,,,,
Y12,Private,5.11,0.6,3.5,3,2.6,0.6,0.9,0.5,3.4,2.2,,,,,,,,,,,,,,,
Y13,Private,11.3,0.75,3.333333333,3.25,1.833333333,0.75,0.833333333,0.583333333,3.916666667,2.25,,,,,,,,,,,,,,,
Y14,Private,12,2,4,4,0,1,1,0,3,3,,,,,,,,,,,,,,,
Y15,Private,12.3,0.714285714,3.571428571,3,1.428571429,0.714285714,1,0.714285714,3.571428571,2.285714286,,,,,,,,,,,,,,,
Y16,Private,16.125,1.25,2.75,3.25,0.5,1,1,0.25,2,2.25,,,,,,,,,,,,,,,
Y17,Private,13.37777778,0.888888889,4,2.444444444,1,0.888888889,1,0.666666667,3.333333333,2.666666667,,,,,,,,,,,,,,,
Y18,Private,18,2,3,4,0,1,1,0,2.666666667,2.333333333,,,,,,,,,,,,,,,
Y19,Private,11.28,0.4,3.6,2.8,1.8,0.6,1,0.8,3.8,2.6,,,,,,,,,,,,,,,
Y2,Private,13.5,1.5,3.5,3.25,0.25,1,1,0.25,2.5,2.5,,,,,,,,,,,,,,,
Y20,Private,14.86,0.4,4,3.2,1.4,1,0.8,0.8,4.4,2.4,,,,,,,,,,,,,,,
Y21,Private,12.25,0.5,3.5,2,0,0.5,1,0,1.5,1,,,,,,,,,,,,,,,
Y22,Private,15,0,4.333333333,2.666666667,1,1,1,1,5,3,,,,,,,,,,,,,,,
Y23,Private,14.8,0.2,4,2.6,0.6,0.8,1,0.6,3.6,2.2,,,,,,,,,,,,,,,
Y24,Private,14.48181818,0.818181818,3.772727273,2.863636364,0.818181818,0.681818182,0.909090909,0.590909091,3.363636364,2.590909091,,,,,,,,,,,,,,,
Y25,Private,11.5,1.666666667,3,3.666666667,0,0.666666667,0.666666667,0.333333333,2.333333333,2,,,,,,,,,,,,,,,
Y26,Private,15,0,4,3,1,1,1,1,5,3,,,,,,,,,,,,,,,
Y27,Private,8.7,0.6,3,3,1.8,0.4,0.6,0.4,3.2,2,,,,,,,,,,,,,,,
Y28,Private,13.4875,1.625,3.375,3,0.5,1,1,0.25,2.25,2.25,,,,,,,,,,,,,,,
Y29,Private,9.211111111,0.222222222,3.555555556,3.111111111,1.888888889,0.888888889,0.777777778,0.888888889,4.444444444,2.555555556,,,,,,,,,,,,,,,
Y3,Private,11.5,0.75,2.75,3,0.25,0.5,0.75,0.5,2.5,1.75,,,,,,,,,,,,,,,
Y30,Private,12,2,2,3,0,1,0,0,1,2,,,,,,,,,,,,,,,
Y31,Private,13.5,2,3,3,0,1,1,0,1,2,,,,,,,,,,,,,,,
Y32,Private,12.64285714,0.428571429,3.571428571,3,1.142857143,0.714285714,0.857142857,0.714285714,4.142857143,2.714285714,,,,,,,,,,,,,,,
Y33,Private,14.075,0.833333333,3.666666667,3,0.666666667,0.916666667,1,0.583333333,3.083333333,2.416666667,,,,,,,,,,,,,,,
Y34,Private,16,0.666666667,4,3,0.666666667,1,1,0.666666667,3.666666667,2.666666667,,,,,,,,,,,,,,,
Y35,Private,12.2,1,3.6,3.2,0.8,1,0.8,0.4,2.8,2.2,,,,,,,,,,,,,,,
Y36,Private,14.75,1,3.5,3.5,1.25,0.75,0.75,0.25,3.25,2,,,,,,,,,,,,,,,
Y37,Private,6.7,1,4,3.5,1.5,1,1,0.5,4,3,,,,,,,,,,,,,,,
Y4,Private,8.475,1.5,4,3.25,0.75,0.75,1,0.25,2.25,2.5,,,,,,,,,,,,,,,
Y40,Private,14.06333333,0.433333333,3.7,3.066666667,0.966666667,0.9,0.9,0.8,4.3,2.733333333,,,,,,,,,,,,,,,
Y42,Private,15,2,2.5,4,0,0.5,1,0,2,2,,,,,,,,,,,,,,,
Y43,Private,18,1.666666667,3.666666667,3.666666667,0.333333333,1,1,0.333333333,3,2.666666667,,,,,,,,,,,,,,,
Y44,Private,12.46666667,0.333333333,4,3.333333333,1.333333333,1,1,0.666666667,3.666666667,3,,,,,,,,,,,,,,,
Y45,Private,10.975,2,3,3,0.75,0.75,1,0.25,1.25,1.75,,,,,,,,,,,,,,,
Y46,Private,14.46190476,0.666666667,3.714285714,3.047619048,0.738095238,1,1,0.642857143,3.69047619,2.642857143,,,,,,,,,,,,,,,
Y47,Private,13.76923077,0.307692308,3.692307692,3,0.846153846,0.846153846,0.846153846,0.846153846,4.538461538,3,,,,,,,,,,,,,,,
Y48,Private,9.642857143,1.428571429,3.571428571,3.428571429,1.285714286,0.428571429,1,0,2.428571429,2,,,,,,,,,,,,,,,
Y49,Private,3.5,1,3,3,3,0,1,0,2,1,,,,,,,,,,,,,,,
Y5,Private,13.1,0.777777778,3.555555556,2.555555556,1.444444444,0.777777778,0.777777778,0.555555556,3.555555556,2.111111111,,,,,,,,,,,,,,,
Y50,Private,10.5125,0.875,2.875,3.5,0.625,0.875,0.75,0.375,2.875,2.5,,,,,,,,,,,,,,,
Y51,Private,4.071428571,0,4.142857143,2.857142857,2.285714286,1,1,0.857142857,4.428571429,2.714285714,,,,,,,,,,,,,,,
Y52,Private,17.25,1,4,2.5,1,1,0.5,1,5,2.5,,,,,,,,,,,,,,,
Y53,Private,8.5,1.5,3,3,1.5,0.5,1,0,1.5,1.5,,,,,,,,,,,,,,,
Y54,Private,8.995238095,0.714285714,3.380952381,3.095238095,2.047619048,0.571428571,0.857142857,0.285714286,2.714285714,1.904761905,,,,,,,,,,,,,,,
Y55,Private,12.64285714,1,3.571428571,2.571428571,1,0.857142857,0.571428571,0.571428571,4.142857143,2.142857143,,,,,,,,,,,,,,,
Y56,Private,15.5,1.666666667,3.666666667,3.333333333,0,0.666666667,1,0,2,2.333333333,,,,,,,,,,,,,,,
Y57,Private,7.266666667,1.333333333,3,2.666666667,2,0,0.666666667,0.333333333,2,1,,,,,,,,,,,,,,,
Y58,Private,5.95,1.75,3,3,2.25,0.25,1,0.5,1.75,1.25,,,,,,,,,,,,,,,
Y59,Private,4.5,1,3,3,0,1,1,0,1,3,,,,,,,,,,,,,,,
Y6,Private,12.7,0.2,3.8,3,1.4,0.8,1,0.8,4.4,2.6,,,,,,,,,,,,,,,
Y60,Private,13.02857143,0.214285714,3.785714286,3,1.142857143,0.785714286,0.928571429,0.785714286,4.5,2.857142857,,,,,,,,,,,,,,,
Y61,Private,10.16666667,0.583333333,3.333333333,3.25,1.416666667,0.666666667,0.75,0.5,3.25,2.166666667,,,,,,,,,,,,,,,
Y62,Private,10.17647059,1.411764706,3.529411765,3.176470588,0.705882353,0.823529412,1,0,1.764705882,1.882352941,,,,,,,,,,,,,,,
Y63,Private,15,0.666666667,3.5,3,0.666666667,0.833333333,0.833333333,0.666666667,3.833333333,2.833333333,,,,,,,,,,,,,,,
Y64,Private,8.725,0.75,4.25,3,2,0.75,1,0.75,4.25,2.5,,,,,,,,,,,,,,,
Y65,Private,11.83125,0.5,3.625,3.125,1.3125,0.8125,0.875,0.6875,3.75,2.375,,,,,,,,,,,,,,,
Y66,Private,10.28181818,1.181818182,2.272727273,3.181818182,0.454545455,0.181818182,0.727272727,0.545454545,2.272727273,1.636363636,,,,,,,,,,,,,,,
Y67,Private,13.71111111,1,3.222222222,3.111111111,1.111111111,0.777777778,0.777777778,0.555555556,3.333333333,2.222222222,,,,,,,,,,,,,,,
Y68,Private,9.25,0.5,3.5,3,2,0.5,1,0.5,3.5,2,,,,,,,,,,,,,,,
Y69,Private,11.06363636,1.636363636,3,3.909090909,1.363636364,0.727272727,1,0,2.272727273,2.272727273,,,,,,,,,,,,,,,
Y70,Private,9.6,1,3.5,3,1,0,0.5,0,2,2.5,,,,,,,,,,,,,,,
Y71,Private,14.73478261,0.869565217,3.608695652,2.956521739,0.565217391,0.956521739,0.956521739,0.565217391,3.391304348,2.52173913,,,,,,,,,,,,,,,
Y72,Private,4.8,0.333333333,3.333333333,4,3,0.666666667,1,0,2,1.666666667,,,,,,,,,,,,,,,
Y73,Private,9.990909091,0.454545455,3.818181818,3.090909091,1.545454545,0.727272727,0.909090909,0.545454545,3.545454545,2.363636364,,,,,,,,,,,,,,,
Y74,Private,13.52413793,0.310344828,3.793103448,3.103448276,1.034482759,0.896551724,0.896551724,0.793103448,4.24137931,2.724137931,,,,,,,,,,,,,,,
Y75,Private,4.516666667,0.833333333,3.166666667,3.333333333,2.5,0.333333333,0.833333333,0.5,3,2.333333333,,,,,,,,,,,,,,,
Y76,Private,16.14285714,0.142857143,4.428571429,1.857142857,1.285714286,0.857142857,0.857142857,0.857142857,4.714285714,2.714285714,,,,,,,,,,,,,,,
Y77,Private,10.7,1.5,2,3.5,2,0.5,1,1,3.5,2,,,,,,,,,,,,,,,
Y78,Private,6.95,1.333333333,2.833333333,3.333333333,2.666666667,0.166666667,0,0,2.166666667,1.333333333,,,,,,,,,,,,,,,
Y79,Private,16,0.666666667,4,3,0.666666667,1,1,0.666666667,3.666666667,2.666666667,,,,,,,,,,,,,,,
Y8,Private,13.58333333,0.666666667,3.833333333,3,1.166666667,0.666666667,1,0.5,3.333333333,2.333333333,,,,,,,,,,,,,,,
Y80,Private,12.39090909,0.454545455,3.818181818,3.181818182,1.909090909,0.818181818,1,0.727272727,3.909090909,2.454545455,,,,,,,,,,,,,,,
Y81,Private,11.24642857,0.214285714,3.821428571,2.892857143,1.357142857,0.857142857,0.964285714,0.714285714,3.642857143,2.321428571,,,,,,,,,,,,,,,
Y82,Private,4.72,1.066666667,2.933333333,3.333333333,2.133333333,0.133333333,0.666666667,0.333333333,1.933333333,1.266666667,,,,,,,,,,,,,,,
Y83,Private,13.14680851,0.085106383,3.872340426,3.170212766,1.425531915,0.914893617,1,0.808510638,4.361702128,2.617021277,,,,,,,,,,,,,,,
Y84,Private,12.575,0.25,3.625,3.125,1.125,0.875,0.75,0.875,4.625,2.875,,,,,,,,,,,,,,,
Y85,Private,7.7875,1.125,3.25,3,1.5,0.125,0.625,0.25,2.375,1.375,,,,,,,,,,,,,,,
Y86,Private,10.3,1.2,3.2,2.8,0.8,0.4,0.8,0.2,2.4,2.4,,,,,,,,,,,,,,,
Y87,Private,3.5,1,3,3,3,0,1,0,2,1,,,,,,,,,,,,,,,
Y88,Private,12.70714286,1.142857143,3.142857143,2.928571429,0.928571429,0.714285714,0.928571429,0.285714286,2.214285714,1.928571429,,,,,,,,,,,,,,,
Y89,Private,11.475,0.75,2,4.25,1.25,0.75,1,0.5,3.5,2.5,,,,,,,,,,,,,,,
Y9,Private,11.66666667,0.666666667,4,2.666666667,0.333333333,1,1,0.333333333,2.333333333,2,,,,,,,,,,,,,,,
Y90,Private,1.4,0,4,3,3,1,1,1,5,3,,,,,,,,,,,,,,,
Y91,Private,14.96153846,0,3.974358974,3,1,1,1,1,5,3,,,,,,,,,,,,,,,
Y92,Private,13.5,1,2.25,3.25,0.5,0.75,1,0.5,4,2.75,,,,,,,,,,,,,,,
Y93,Private,13.5,0,3,3,1,1,1,1,5,3,,,,,,,,,,,,,,,
YW1,Inst,14.33333333,1.166666667,3.166666667,3.5,0.833333333,0.833333333,0.833333333,0.333333333,2.666666667,2.333333333,,,,,,,,,,,,,,,
YW2,Inst,12.68,2,3,3.6,0.8,0.8,0.8,0.2,2,2,,,,,,,,,,,,,,,
YW3,Inst,17,2,3.666666667,3.333333333,0,1,0.666666667,0,1.333333333,2,,,,,,,,,,,,,,,
YW4,Inst,14.72727273,0.363636364,3.818181818,3,0.818181818,1,1,0.818181818,4.272727273,2.818181818,,,,,,,,,,,,,,,
YW5,Inst,10.76666667,1.333333333,3.333333333,3.333333333,1,1,1,0,1.333333333,1.666666667,,,,,,,,,,,,,,,
YW6,Inst,14.78571429,2,3.285714286,3.142857143,0.142857143,1,1,0,1.285714286,2.142857143,,,,,,,,,,,,,,,
YW7,Inst,18,2,4,3,0,1,1,0,1,2,,,,,,,,,,,,,,,
YW8,Inst,15.1875,1.25,3.625,3,0.375,1,1,0.375,2.5,2.375,,,,,,,,,,,,,,,









































































































































































































































































































































































